{"f170lp/g235m": [1.659999966621399, 3.1700000762939453], "f290lp/g395h": [2.869999885559082, 5.269999980926514], "f100lp/g140m": [0.9700000286102295, 1.8899999856948853], "f290lp/g395m": [2.869999885559082, 5.269999980926514], "f070lp/g140h": [0.699999988079071, 1.2699999809265137], "f100lp/g140h": [0.9700000286102295, 1.8899999856948853], "f170lp/g235h": [1.659999966621399, 3.1700000762939453], "clear/prism": [0.6000000238418579, 5.300000190734863], "f070lp/g140m": [0.699999988079071, 1.2699999809265137]}